insert into kh_notebook (notebook_id, record_status, notebook_title, notebook_subtitle, path, keywords, create_time, update_time) VALUES ('1', '5','Clustering Analysis Of Luxury Hotel Customers','Analyze customer behavior','/knowledge_hub/2019/83/1554702268180/test1.md','Analyze customers behavior', now(), now());
insert into kh_notebook (notebook_id, record_status, notebook_title, notebook_subtitle, path, keywords, create_time, update_time) VALUES ('1', '0','Clustering Analysis Of Luxury Hotel Customers','Analyze customer behavior','/knowledge_hub/2019/83/1554702268180/test1.md','Analyze customers behavior', now(), now());
insert into kh_notebook (notebook_id, record_status, notebook_title, notebook_subtitle, path, keywords, create_time, update_time) VALUES ('2', '0','Understanding Laptop Sales in Our Website','Customers behavior tracking','/knowledge_hub/2019/83/1554702268180/test1.md','Customers behavior tracking', now(), now());
insert into kh_notebook (notebook_id, record_status, notebook_title, notebook_subtitle, path, keywords, create_time, update_time) VALUES ('3', '0','Clustering analysis of users','This is using customer data and analyzed users who bought goods at some offline stores via cash back.','/knowledge_hub/2019/83/1554702268180/test1.md','This is using customer data and analyzed users who bought goods at some offline stores via cash back.', now(), now());
insert into kh_notebook (notebook_id, record_status, notebook_title, notebook_subtitle, path, keywords, create_time, update_time) VALUES ('4', '0','What determines the price?','We simply applied regression to predict price using item features. Important features were identified for color.','/knowledge_hub/2019/83/1554702268180/test1.md','We simply applied regression to predict price using item features. Important features were identified for color.', now(), now());
insert into kh_notebook (notebook_id, record_status, notebook_title, notebook_subtitle, path, keywords, create_time, update_time) VALUES ('5', '0','Further Investigation About Causal Inference','','/knowledge_hub/2019/83/1554702268180/test1.md','', now(), now());
INSERT INTO `kh_tags` VALUES ('deep learning',NULL,'2019-06-05 08:19:42'),('machine learning',NULL,'2019-06-05 08:19:42'),('analysisforbrands',NULL,'2019-05-28 02:03:21'),('analysisformatforbrands',NULL,'2019-01-23 01:01:06'),('asahi',NULL,'2018-12-14 10:28:04'),('automotive',NULL,'2018-10-02 01:23:39'),('bounce',NULL,'2019-05-15 08:40:28'),('brand analysis',NULL,'2018-12-14 02:11:04'),('branding',NULL,'2019-01-16 05:58:44'),('consulting',NULL,'2018-12-07 10:21:04'),('coupon',NULL,'2018-09-27 07:40:17'),('demo',NULL,'2018-08-28 14:04:00'),('merchandise',NULL,'2019-01-25 08:49:04'),('embedding',NULL,'2018-09-04 05:44:16'),('Embedding Features',NULL,'2018-10-30 14:05:47'),('Embeddings',NULL,'2018-11-13 14:14:40'),('examlpe',NULL,'2019-02-05 06:35:04'),('fasttext',NULL,'2019-03-25 04:30:05'),('Feature engineering',NULL,'2018-11-21 09:13:06');
insert into kh_authors (author_id, author_name, user_privilege, is_active, post_notif, comment_notif, create_time, update_time) VALUES ('1', 'John', null, 1, 1, 1, now(), now());
insert into kh_authors (author_id, author_name, user_privilege, is_active, post_notif, comment_notif, create_time, update_time) VALUES ('2', 'May', null, 1, 0, 0, now(), now());
insert into kh_authors (author_id, author_name, user_privilege, is_active, post_notif, comment_notif, create_time, update_time) VALUES ('3', 'Tony', null, 1, 0, 0, now(), now());
insert into kh_authors (author_id, author_name, user_privilege, is_active, post_notif, comment_notif, create_time, update_time) VALUES ('4', 'Mark', null, 1, 0, 0, now(), now());
insert into kh_authors (author_id, author_name, user_privilege, is_active, post_notif, comment_notif, create_time, update_time) VALUES ('5', 'Bob', null, 1, 0, 0, now(), now());
insert into kh_authors (author_id, author_name, user_privilege, is_active, post_notif, comment_notif, create_time, update_time) VALUES ('6', 'Jonny', null, 1, 0, 0, now(), now());
insert into kh_jobs (job_name, period_start_time, locked_by, update_time) VALUES ('notify_job', now(), null, now());
insert into kh_assoc_notebook_author (notebook_id, record_status, author_id, author_order) VALUES ('1', '5', '1', '0');
insert into kh_assoc_notebook_author (notebook_id, record_status, author_id, author_order) VALUES ('1', '5', '2', '1');
insert into kh_assoc_notebook_author (notebook_id, record_status, author_id, author_order) VALUES ('1', '0', '1', '0');
insert into kh_assoc_notebook_author (notebook_id, record_status, author_id, author_order) VALUES ('1', '0', '2', '1');
insert into kh_assoc_notebook_author (notebook_id, record_status, author_id, author_order) VALUES ('1', '0', '3', '1');
insert into kh_assoc_notebook_author (notebook_id, record_status, author_id, author_order) VALUES ('1', '0', '4', '1');
insert into kh_assoc_notebook_author (notebook_id, record_status, author_id, author_order) VALUES ('2', '0', '5', '0');
insert into kh_assoc_notebook_author (notebook_id, record_status, author_id, author_order) VALUES ('2', '0', '6', '0');
insert into kh_assoc_notebook_author (notebook_id, record_status, author_id, author_order) VALUES ('3', '0', '1', '0');
insert into kh_assoc_notebook_author (notebook_id, record_status, author_id, author_order) VALUES ('3', '0', '5', '0');
insert into kh_assoc_notebook_author (notebook_id, record_status, author_id, author_order) VALUES ('4', '0', '1', '0');
insert into kh_assoc_notebook_author (notebook_id, record_status, author_id, author_order) VALUES ('4', '0', '2', '0');
insert into kh_assoc_notebook_author (notebook_id, record_status, author_id, author_order) VALUES ('4', '0', '3', '0');
insert into kh_assoc_notebook_author (notebook_id, record_status, author_id, author_order) VALUES ('4', '0', '4', '0');
insert into kh_assoc_notebook_author (notebook_id, record_status, author_id, author_order) VALUES ('4', '0', '5', '0');
insert into kh_assoc_notebook_author (notebook_id, record_status, author_id, author_order) VALUES ('5', '0', '1', '0');
insert into kh_assoc_notebook_author (notebook_id, record_status, author_id, author_order) VALUES ('5', '0', '2', '0');
insert into kh_assoc_notebook_author (notebook_id, record_status, author_id, author_order) VALUES ('5', '0', '6', '0');
insert into kh_assoc_notebook_tag (notebook_id, tag_id, record_status) VALUES ('1', 'merchandise', '0');
insert into kh_assoc_notebook_tag (notebook_id, tag_id, record_status) VALUES ('1', 'machine learning', '0');
insert into kh_assoc_notebook_tag (notebook_id, tag_id, record_status) VALUES ('2', 'machine learning', '0');
insert into kh_assoc_notebook_tag (notebook_id, tag_id, record_status) VALUES ('2', 'analysisforbrands', '0');
insert into kh_assoc_notebook_tag (notebook_id, tag_id, record_status) VALUES ('3', 'merchandise', '0');
insert into kh_assoc_notebook_tag (notebook_id, tag_id, record_status) VALUES ('3', 'brand analysis', '0');
insert into kh_assoc_notebook_tag (notebook_id, tag_id, record_status) VALUES ('3', 'demo', '0');
insert into kh_assoc_notebook_tag (notebook_id, tag_id, record_status) VALUES ('3', 'example', '0');
insert into kh_assoc_notebook_tag (notebook_id, tag_id, record_status) VALUES ('3', 'Feature engineering', '0');
insert into kh_assoc_notebook_tag (notebook_id, tag_id, record_status) VALUES ('4', 'merchandise', '0');
insert into kh_assoc_notebook_tag (notebook_id, tag_id, record_status) VALUES ('4', 'demo', '0');
insert into kh_assoc_notebook_tag (notebook_id, tag_id, record_status) VALUES ('5', 'merchandise', '0');
insert into kh_assoc_notebook_tag (notebook_id, tag_id, record_status) VALUES ('5', 'machine learning', '0');
insert into kh_pageviews (view_id, user_id, notebook_id, object_action, ip_address, create_time) VALUES (1, '1', '1', 'GET', '127.0.0.0', now());
insert into kh_pageviews (view_id, user_id, notebook_id, object_action, ip_address, create_time) VALUES (2, '1', '1', 'GET', '127.0.0.0', now());
insert into kh_pageviews (view_id, user_id, notebook_id, object_action, ip_address, create_time) VALUES (3, '1', '1', 'GET', '127.0.0.0', now());
insert into kh_pageviews (view_id, user_id, notebook_id, object_action, ip_address, create_time) VALUES (4, '1', '1', 'GET', '127.0.0.0', now());
insert into kh_pageviews (view_id, user_id, notebook_id, object_action, ip_address, create_time) VALUES (5, '1', '2', 'GET', '127.0.0.0', now());
insert into kh_pageviews (view_id, user_id, notebook_id, object_action, ip_address, create_time) VALUES (6, '1', '2', 'GET', '127.0.0.0', now());
insert into kh_pageviews (view_id, user_id, notebook_id, object_action, ip_address, create_time) VALUES (7, '1', '3', 'GET', '127.0.0.0', now());
insert into kh_pageviews (view_id, user_id, notebook_id, object_action, ip_address, create_time) VALUES (8, '1', '3', 'GET', '127.0.0.0', now());
insert into kh_pageviews (view_id, user_id, notebook_id, object_action, ip_address, create_time) VALUES (9, '1', '4', 'GET', '127.0.0.0', now());
insert into kh_pageviews (view_id, user_id, notebook_id, object_action, ip_address, create_time) VALUES (10, '1', '5', 'GET', '127.0.0.0', now());
insert into kh_comments (comment_id, notebook_id, user_id, user_name, comment, create_time, update_time) VALUES(1, '1','100','Mary','Good article!', now(), now());